<?xml version="1.0" encoding="UTF-8"?>
<!-- Generated by eXe - http://exelearning.net -->
<manifest identifier="eXeecturasWeb62c6c2ea277500381e1" xmlns="http://www.imsproject.org/xsd/imscp_rootv1p1p2" xmlns:adlcp="http://www.adlnet.org/xsd/adlcp_rootv1p2" xmlns:imsmd="http://www.imsglobal.org/xsd/imsmd_v1p2" xmlns:xsi="http://www.w3.org/2001/XMLSchema-instance" xsi:schemaLocation="http://www.imsproject.org/xsd/imscp_rootv1p1p2 imscp_rootv1p1p2.xsd http://www.imsglobal.org/xsd/imsmd_rootv1p2p1 imsmd_rootv1p2p1.xsd http://www.adlnet.org/xsd/adlcp_rootv1p2 adlcp_rootv1p2.xsd" > 
<metadata> 
 <schema>ADL SCORM</schema> 
 <schemaversion>1.2</schemaversion> 
 <adlcp:location>imslrm.xml</adlcp:location> 
</metadata> 
<organizations default="eXeecturasWeb62c6c2ea277500381e2">  
    <organization identifier="eXeecturasWeb62c6c2ea277500381e2" structure="hierarchical">
        <title>ud 1 - Arquitectura Web</title>
<item identifier="ITEM-eXeecturasWeb62c6c2ea277500381e3" isvisible="true" identifierref="RES-eXeecturasWeb62c6c2ea277500381e4">
    <title>UD1 - Arquitecturas Web</title>
<item identifier="ITEM-eXeecturasWeb62c6c2ea277500381e5" isvisible="true" identifierref="RES-eXeecturasWeb62c6c2ea277500381e6">
    <title>Cliente / Servidor</title>
</item>
<item identifier="ITEM-eXeecturasWeb62c6c2ea277500381f7" isvisible="true" identifierref="RES-eXeecturasWeb62c6c2ea277500381f8">
    <title>Arquitectura de 3 capas</title>
</item>
<item identifier="ITEM-eXeecturasWeb62c6c2ea277500381f9" isvisible="true" identifierref="RES-eXeecturasWeb62c6c2ea277500381fa">
    <title>MVC</title>
</item>
<item identifier="ITEM-eXeecturasWeb62c6c2ea277500381fb" isvisible="true" identifierref="RES-eXeecturasWeb62c6c2ea277500381fc">
    <title>Decisiones de diseño</title>
</item>
<item identifier="ITEM-eXeecturasWeb62c6c2ea277500381fd" isvisible="true" identifierref="RES-eXeecturasWeb62c6c2ea277500381fe">
    <title>Herramientas</title>
</item>
<item identifier="ITEM-eXeecturasWeb62c6c2ea2775003820f" isvisible="true" identifierref="RES-eXeecturasWeb62c6c2ea277500382010">
    <title>Puesta en marcha</title>
</item>
<item identifier="ITEM-eXeecturasWeb62c6c2ea277500382111" isvisible="true" identifierref="RES-eXeecturasWeb62c6c2ea277500382112">
    <title>Actividades</title>
</item>
<item identifier="ITEM-eXeecturasWeb62c6c2ea277500382213" isvisible="true" identifierref="RES-eXeecturasWeb62c6c2ea277500382214">
    <title>Referencias</title>
</item>
</item>
  </organization>
</organizations>
<resources>
  <resource identifier="RES-eXeecturasWeb62c6c2ea277500381e4" type="webcontent" adlcp:scormtype="sco" href="index.html"> 
    <file href="index.html"/> 
    <file href="exe_html5.js"/>
    <file href="cover1.png"/>
    <file href="udl-character-1.gif"/>
    <file href="udl-character-2.gif"/>
    <file href="udl-character-3.gif"/>
    <file href="udl-character-4.gif"/>
    <file href="udl-content.css"/>
    <file href="udl-content.js"/>
    <file href="udl-icons-sm.png"/>
    <file href="udl-icons.png"/>
    <dependency identifierref="COMMON_FILES"/>
  </resource>
  <resource identifier="RES-eXeecturasWeb62c6c2ea277500381e6" type="webcontent" adlcp:scormtype="sco" href="cliente__servidor.html"> 
    <file href="cliente__servidor.html"/> 
    <file href="exe_html5.js"/>
    <file href="01spa.png"/>
    <file href="clienteservidor.png"/>
    <file href="common.js"/>
    <file href="paginadinamica.png"/>
    <dependency identifierref="COMMON_FILES"/>
  </resource>
  <resource identifier="RES-eXeecturasWeb62c6c2ea277500381f8" type="webcontent" adlcp:scormtype="sco" href="arquitectura_de_3_capas.html"> 
    <file href="arquitectura_de_3_capas.html"/> 
    <file href="exe_html5.js"/>
    <file href="tier3.png"/>
    <file href="layer3.png"/>
    <file href="tierlayer.png"/>
    <file href="common.js"/>
    <dependency identifierref="COMMON_FILES"/>
  </resource>
  <resource identifier="RES-eXeecturasWeb62c6c2ea277500381fa" type="webcontent" adlcp:scormtype="sco" href="mvc.html"> 
    <file href="mvc.html"/> 
    <file href="exe_html5.js"/>
    <file href="mvc.png"/>
    <dependency identifierref="COMMON_FILES"/>
  </resource>
  <resource identifier="RES-eXeecturasWeb62c6c2ea277500381fc" type="webcontent" adlcp:scormtype="sco" href="decisiones_de_diseo.html"> 
    <file href="decisiones_de_diseo.html"/> 
    <file href="exe_html5.js"/>
    <dependency identifierref="COMMON_FILES"/>
  </resource>
  <resource identifier="RES-eXeecturasWeb62c6c2ea277500381fe" type="webcontent" adlcp:scormtype="sco" href="herramientas.html"> 
    <file href="herramientas.html"/> 
    <file href="exe_html5.js"/>
    <file href="php.jpg"/>
    <file href="javaee.png"/>
    <file href="common.js"/>
    <dependency identifierref="COMMON_FILES"/>
  </resource>
  <resource identifier="RES-eXeecturasWeb62c6c2ea277500382010" type="webcontent" adlcp:scormtype="sco" href="puesta_en_marcha.html"> 
    <file href="puesta_en_marcha.html"/> 
    <file href="exe_html5.js"/>
    <file href="dockerdesktop.png"/>
    <file href="holamundo.png"/>
    <file href="vscodedocker.png"/>
    <file href="common.js"/>
    <file href="exe_highlighter.css"/>
    <file href="exe_highlighter.js"/>
    <dependency identifierref="COMMON_FILES"/>
  </resource>
  <resource identifier="RES-eXeecturasWeb62c6c2ea277500382112" type="webcontent" adlcp:scormtype="sco" href="actividades.html"> 
    <file href="actividades.html"/> 
    <file href="exe_html5.js"/>
    <file href="common.js"/>
    <file href="exe_highlighter.css"/>
    <file href="exe_highlighter.js"/>
    <dependency identifierref="COMMON_FILES"/>
  </resource>
  <resource identifier="RES-eXeecturasWeb62c6c2ea277500382214" type="webcontent" adlcp:scormtype="sco" href="referencias.html"> 
    <file href="referencias.html"/> 
    <file href="exe_html5.js"/>
    <dependency identifierref="COMMON_FILES"/>
  </resource>
  <resource identifier="COMMON_FILES" type="webcontent" adlcp:scormtype="asset">
    <file href="icon_explore_white.png"/>
    <file href="icon_unread_black.png"/>
    <file href="config.xml"/>
    <file href="icon_info_white.png"/>
    <file href="icon_alarm_white.png"/>
    <file href="icon_assessment.png"/>
    <file href="EncodeSans-Light_latin.woff2"/>
    <file href="icon_search_black.png"/>
    <file href="icon_media_white.png"/>
    <file href="icon_note_white.png"/>
    <file href="nav.css"/>
    <file href="icon_description_white.png"/>
    <file href="icon_star_black.png"/>
    <file href="icon_star.png"/>
    <file href="icon_wifi_black.png"/>
    <file href="icon_info_black.png"/>
    <file href="icon_event_white.png"/>
    <file href="icon_explore_black.png"/>
    <file href="icon_account_white.png"/>
    <file href="icon_note_black.png"/>
    <file href="_style_input_radio.png"/>
    <file href="_style_js.js"/>
    <file href="icon_announcement_black.png"/>
    <file href="icon_puzzle.png"/>
    <file href="icon_assignment_white.png"/>
    <file href="icon_download_black.png"/>
    <file href="_style_licenses.png"/>
    <file href="icon_puzzle_white.png"/>
    <file href="icon_account.png"/>
    <file href="icon_download_white.png"/>
    <file href="icon_alarm_black.png"/>
    <file href="icon_renew_white.png"/>
    <file href="icon_star_white.png"/>
    <file href="icon_description_black.png"/>
    <file href="icon_puzzle_black.png"/>
    <file href="icon_announcement.png"/>
    <file href="icon_assignment_list.png"/>
    <file href="icon_renew_black.png"/>
    <file href="icon_assignment_black.png"/>
    <file href="icon_assignment_list_white.png"/>
    <file href="icon_media.png"/>
    <file href="icon_event.png"/>
    <file href="icon_search.png"/>
    <file href="icon_exit_white.png"/>
    <file href="icon_unread_white.png"/>
    <file href="EncodeSans-Light_latin-ext.woff2"/>
    <file href="icon_question_black.png"/>
    <file href="icon_renew.png"/>
    <file href="icon_info.png"/>
    <file href="_style_icons.png"/>
    <file href="icon_backup.png"/>
    <file href="icon_assignment_list_black.png"/>
    <file href="icon_wifi.png"/>
    <file href="icon_search_white.png"/>
    <file href="icon_assessment_black.png"/>
    <file href="_style_input_checkbox.png"/>
    <file href="EncodeSans-Light_vietnamese.woff2"/>
    <file href="icon_question.png"/>
    <file href="_style_icons_white.png"/>
    <file href="icon_explore.png"/>
    <file href="icon_camera_white.png"/>
    <file href="icon_exit_black.png"/>
    <file href="icon_camera.png"/>
    <file href="content.css"/>
    <file href="icon_note.png"/>
    <file href="icon_assignment.png"/>
    <file href="icon_media_black.png"/>
    <file href="icon_question_white.png"/>
    <file href="icon_description.png"/>
    <file href="icon_assessment_white.png"/>
    <file href="icon_camera_black.png"/>
    <file href="icon_exit.png"/>
    <file href="icon_backup_black.png"/>
    <file href="icon_backup_white.png"/>
    <file href="icon_wifi_white.png"/>
    <file href="icon_download.png"/>
    <file href="_style_icons_black.png"/>
    <file href="icon_event_black.png"/>
    <file href="icon_unread.png"/>
    <file href="icon_alarm.png"/>
    <file href="icon_account_black.png"/>
    <file href="icon_announcement_white.png"/>
    <file href="base.css"/>
    <file href="popup_bg.gif"/>
    <file href="SCORM_API_wrapper.js"/>
    <file href="SCOFunctions.js"/>
    <file href="common.js"/>
    <file href="common_i18n.js"/>
    <file href="exe_jquery.js"/>
    <file href="content.xsd"/>
    <file href="content.data"/>
    <file href="contentv3.xml"/>
    <file href="imslrm.xml"/>
  </resource>
</resources>
</manifest>
